first_name,last_name,address,date_of_birth
Nojhatan,Oaezmdn,",9tu 2eraaley8rp3ts pm t0c 429aoas n2n.4vod7 5 ar",05-07-1990
Frjeyfe,Aliiwslm,"3ao8sli la00v20hp 8, ahama nd86 vded c.19 k6r8t",04-12-2001
Bdnrai,Whas,",20sntaed ia 7 eiuwun gn4asi2h6 5bo 6m0tchiteo s 74",04-07-1995
Torrev,Sihtm,"O 84gw tan9se 16 ksdiwfa 20r2 ej,m45e",22-02-1983
Jsuoha,Etrtopsna,"L2i2ioegaoa9ar76 3  c9fh2crul ,nde  5nerw3",30-08-1983
Nhjo,Smteno,"2 p367 ,3dr8m3mc 8a c59p8a taeoh9tten ra 2kr. ",31-12-1950
Noaar,Sennol,"U1coaos0ec  al3ordws 7 41kd6nae, ebrbn5d n",09-03-1969
Eildna,Nezratim,"Egrc6momt1ht u tih ,y9 be08n05 3op 0la41k feilsr.v4 l",17-10-1934
Njoh,Daekr,"Auv.1r6map i265mt 03oka5norr e, s slni 6oe6av li0t",13-11-1965
Msaej,Yhnhu,"2op0a 9bx  s92a7,43p695o9c  7p ",10-07-1992
