first_name,last_name,address,date_of_birth
Jonathan,Mendoza,"4340 Adams Stravenue Apt. 982 Carolport, NY 25297",05-07-1990
Jeffrey,Williams,"00208 Clark Shoal Apt. 668 Davidhaven, MD 91883",04-12-2001
Brandi,Shaw,"645 Hodge Mountains Suite 407 West Bianca, HI 22607",04-07-1995
Trevor,Smith,"92542 James Fork West Edwin, GA 48016",22-02-1983
Joshua,Patterson,"72952 Figueroa Circle New Rhonda, LA 93362",30-08-1983
John,Montes,"32539 Marc Neck Apt. 788 Port Martha, DE 92368",31-12-1950
Aaron,Nelson,"635 Escobar Brooks New Duaneland, DC 17014",09-03-1969
Daniel,Martinez,"9016 Mitchell Forge Apt. 410 South Kimberly, NV 08543",17-10-1934
John,Drake,"025 Romero Mountains Apt. 510 Rivasville, AK 66636",13-11-1965
James,Huynh,"PSC 9564, Box 0799 APO AP 72932",10-07-1992
